ID,Name ,Password,Email,Age ,Blood Group ,Phone,Emergency Phone,Gender
1,Pooja Sharma,qwerty1234,poojasharma25@gmail.com,24,A+,9667567422,8657657566,F
2,Kailash Tripati,amrajkumarsantoshi,kailashrockstripathi@yahoo.co.in,53,B+,8866756777,9745786588,F
3,Amish Ghera,123456789AB,gheraamishtera@yahoo.com,67,B+,9885578887,8353467854,M
4,Vikas Gupta,81koocsamoht,vika.gupta23@hotmail.com,14,O+,9893454645,9213354656,M
5,Shila Shinde,cc95aradhya,shindeshinde@hotmail.com,35,AB+,8875764323,8863656572,F
6,Priyank Arora,vrindadoctorgupta,desiplex@yahoo.com,45,O-,9565734534,8887564243,F
7,Dhinchak Pooja,aghhinetwork35,dhinchakpoo77@gmail.com,43,B+,8845646654,8342556455,F
8,Salman Khan,medicityanugya,salluterabhai@rediffmail.com,78,AB+,9865874535,9233546423,M
9,Aditya Rathore,maxdoctorrastogi,rathore.aditys@hotmail.com,55,A+,9237343483,8353464564,M
10,Ronnie Scrwewala,rattan12345,screulsahah@gmail.com,35,O+,8823646237,9235456745,M
11,Thomas Edison,elephantchocolate,tedison@gmail.com,66,AB-,7736434934,9345456621,M
12,Sylvestor Stallone,cleandryandfresh,sylvestor4423stallone@yahoo.co.in,45,B+,7924837462,7464354234,M
13,Anishika ,iwintowin,anishkayolo@hotmail.com,44,B+,9382742648,9646567435,F
14,Urooj ashfaq,londonchester,ashfaquroojbirth@hotmail.com,35,A+,7723542354,8453463636,F
15,Nivedita Prakasam,qutubminar,ihavethelatesteverything@gmail.com,36,B-,7564262348,7453523545,F